https://www.instagram.com/p/B1eR4bjDY_z/,0,The PNWonderland! What's everyone's plans for the weekend?#pnwwonderland #outside_project #discoverearth #exploretocreate #stayandwander #illgrammers #folkscenery #discoverer #landscapelovers #voyaged #artofvisuals #moodygrams #folkgreen #folkgood #neuehorizonte #theactiveway #liveforthestory #fromwhereidrone #roam #roamtheplanet #rsa_outdoors #visualsofearth #discovernature #oregon #sombrescapes #renegade_dark #edgygrams #thedarkpr0ject
https://www.instagram.com/p/B1eR4bjDY_z/,1,Loving the colours man!! ğŸ¤˜ğŸ¼
https://www.instagram.com/p/B1eR4bjDY_z/,2,Nothing tbh and that sounds good ğŸ‘ŒğŸ»
https://www.instagram.com/p/B1eR4bjDY_z/,3,Epic mate! Going to Wales tomorrow night
https://www.instagram.com/p/B1eR4bjDY_z/,4,love this moody vibes ğŸ™
https://www.instagram.com/p/B1eR4bjDY_z/,5,ÙØ§Ù„ÙˆÛŒÛŒ Ø¨Ú© Ø¨Ø¯Ù‡
https://www.instagram.com/p/B1eR4bjDY_z/,6,Wow! Loving this! ğŸ˜
https://www.instagram.com/p/B1eR4bjDY_z/,7,What a shot!!!
https://www.instagram.com/p/B1eR4bjDY_z/,8,Lovely warm tones dude ğŸ‘
https://www.instagram.com/p/B1eR4bjDY_z/,9,Awesome manğŸ‘ŒğŸ¼
https://www.instagram.com/p/B1eR4bjDY_z/,10,Excellent ğŸ™ŒğŸ»
https://www.instagram.com/p/B1eR4bjDY_z/,11,ì§±ì´ì–‘ í˜¸ ìš° íˆíˆ
https://www.instagram.com/p/B1eR4bjDY_z/,12,So perrrfect pal! What a scene ! HBD dude
https://www.instagram.com/p/B1WmoSejCp9/,0,"A moody Neist Point. Hiii it's me! I took some time away from IG for my own well being, I really appreciate everyone that reached out and supported me! I'll try my best to catch up with everyone now! ğŸ˜˜#scotlandtrip #scotland #simplyscotland #moodygrams #earth_deluxe #outdoortones #greatnorthcollective #folkgreen #folkscenery #folknature #roamearth #exploremore #theglobewanderer #letsgosomewhere #thescottishcollective #travelscotland #highlands #traveling_uk #uk_greatshots #scotlandisnow #renegade_dark #edgygrams #simplyscotland #scotland_greatshots #thisisscotland #unlimitedscotland #explorescotland"
https://www.instagram.com/p/B1WmoSejCp9/,1,Classic location dudeğŸ‘ŒğŸ¼
https://www.instagram.com/p/B1WmoSejCp9/,2,Wonderful photo @harry.t.baker xx
https://www.instagram.com/p/B1WmoSejCp9/,3,@6uyv_ Ø±Ø¯ÙŠ Ø®Ø§ØµØµ
https://www.instagram.com/p/B1WmoSejCp9/,4,Holy awesome!
https://www.instagram.com/p/B1WmoSejCp9/,5,Yes the dick picks
https://www.instagram.com/p/B1WmoSejCp9/,6,Unreal coast views ğŸ˜¯ğŸ˜ so in love
https://www.instagram.com/p/B1WmoSejCp9/,7,Mood mood moodğŸ˜
https://www.instagram.com/p/B1WmoSejCp9/,8,Loving the mood dude! Such a stellar shot ğŸ˜
https://www.instagram.com/p/B1WmoSejCp9/,9,Such an impressive mood! ğŸ™Œ
https://www.instagram.com/p/B1WmoSejCp9/,10,Gt
https://www.instagram.com/p/B1WmoSejCp9/,11,Gt
https://www.instagram.com/p/B1WmoSejCp9/,12,Gt
https://www.instagram.com/p/B06MUQXjFix/,0,"The Hermitage, Scotland. When heading to this place I wasn't expecting it to be as busy as it was! I've edited out the rail and all the people!#scotland #VisitScotland #lovescotland #scotlandtrip #thescottishcollective #travelscotland #highlands #traveling_uk #uk_greatshots #scotlandisnow #simplyscotland #moodygrams #earth_deluxe #outdoortones #greatnorthcollective #folkgreen #folkscenery #folknature #roamearth #thescottishcollective #travelscotland #scotlandhighlands #thisisscotland #unlimitedscotland #explorescotland #beautifulscotland #scotlandshots #sonyalpha"
https://www.instagram.com/p/B06MUQXjFix/,1,Every time Iâ€™m tricked into thinking il be the only one. Sick shot ğŸ‘Œ
https://www.instagram.com/p/B06MUQXjFix/,2,Great feedğŸ˜ğŸ‘Œ
https://www.instagram.com/p/B06MUQXjFix/,3,Iâ€™d love to visit more of Scotland ğŸ™ŒğŸ¼
https://www.instagram.com/p/B06MUQXjFix/,4,https://share.kashtree.com/register.php?referral=kasandrastokes8
https://www.instagram.com/p/B06MUQXjFix/,5,ë ˆì•Œë¡œ ã…ã… ã… ã…  íí  ëŒ€ë°•ì´ë‹¤ ê°”ë‹¤
https://www.instagram.com/p/B06MUQXjFix/,6,Nice photoshopping! Bloody tourists! ğŸ˜‚ğŸ˜‚
https://www.instagram.com/p/B06MUQXjFix/,7,Magical place!
https://www.instagram.com/p/B06MUQXjFix/,8,Hey I really love your Instagram pageğŸ¥° and I already followed youğŸ™ˆi would be so thankful if you could help me growğŸ™ˆğŸ¥°have a nice dayâœŒğŸ»
https://www.instagram.com/p/B06MUQXjFix/,9,Some kinda Lord Of The Rings vibes going on here....!
https://www.instagram.com/p/B06MUQXjFix/,10,ğŸ˜ğŸ˜ğŸ˜â¤ï¸â¤ï¸â¤ï¸
https://www.instagram.com/p/B06MUQXjFix/,11,Excellent Harry ğŸ™ŒğŸ»
https://www.instagram.com/p/B06MUQXjFix/,12,Whatsfiliaaa @tlavnia @dix.fany
https://www.instagram.com/p/B01C8SPjbHT/,0,"Koosah Falls, say it out loud, so fun to say Kooooosaahh Koossaaaaaaahhhhhh! I only managed 12 backflips off here before I got tired, next time aye!#oregonadventures #pnwhiking #hikingvibes #pnwcollective #pnwwonderland #pnwhikes #wildernessvibes #wildernesslifestyle #wildernessexplorer #outdoortones #greatnorthcollective #folkgreen #folkscenery #folknature #roamearth #exploremore #letsgosomewhere #campvibes #optoutside #liveoutdoors #travelstoke #wildernessnation #modernwild #wildvisuals #thegreatoutdoors #oregonexplored #liveforthestory #pnwcompass #theoutdoorfolk"
https://www.instagram.com/p/B01C8SPjbHT/,1,bunu beÄŸendi :) iÃ§eriklerimi gÃ¶rmek iÃ§in profilimi ziyaret edebilirsiniz :) bkrgf7ygv4e
https://www.instagram.com/p/B01C8SPjbHT/,2,"Stunning shot Harry, thatâ€™s a lot of thundering waterğŸ–¤"
https://www.instagram.com/p/B01C8SPjbHT/,3,ğŸ˜‚ Amazing man ğŸ¤˜
https://www.instagram.com/p/B01C8SPjbHT/,4,ê¸°ì—¬ì—‰  ë¿…ê°„ë‹¤ ê²ë‚˜ ì‰ì‰ ì§±ì´ë‹¤ ì™„ì „ëŒ€ë°•
https://www.instagram.com/p/B01C8SPjbHT/,5,I missed this magnificent waterfall Harry.. Absolutely excellent ğŸ˜ğŸ˜ğŸ‘ŒğŸ»
https://www.instagram.com/p/B01C8SPjbHT/,6,@simaybabalik araaaaa
https://www.instagram.com/p/B01C8SPjbHT/,7,@samiii.t.m92 Ø³Ù…Ø§Ù†Ù‡ Ø¬ÙˆØ§Ø¨ Ø¨Ø¯Ù‡ Ú©Ø§Ø±Øª Ø¯Ø§Ø±Ù…
https://www.instagram.com/p/B01C8SPjbHT/,8,Siamo una nuova page di artiste  seguiteci e non ve ne pentirete
https://www.instagram.com/p/B01C8SPjbHT/,9,ëë‚œë‹¤ ã… ì •ë§ë¡œ ë©‹ì§€ë‹¤ ìš°ì•™ ã…ã… ã…….ã……
https://www.instagram.com/p/B01C8SPjbHT/,10,Wow!!ğŸ˜ğŸ˜ğŸ˜ğŸ˜
https://www.instagram.com/p/B01C8SPjbHT/,11,Love a good waterfall and this one looks mega ğŸ˜ class shot Harry!
https://www.instagram.com/p/B01C8SPjbHT/,12,ğŸ˜ğŸ˜
https://www.instagram.com/p/B0yeHX3DZLG/,0,"Highland Stag. Being both terrified and stunned at the same time is an odd feeling. The majesty of these beasts gets me everytime!  Imagine having those horns on your head, washing your hair would incur so many splinters!#scotland #VisitScotland #lovescotland #scotlandtrip #sombrescapes #thescottishcollective #travelscotland #highlands #traveling_uk #uk_greatshots #scotlandisnow #simplyscotland #moodygrams #earth_deluxe #outdoortones #greatnorthcollective #folkgreen #folkscenery #folknature #scotland_greatshots #thisisscotland #unlimitedscotland #explorescotland #stag #wildernessculture #artofvisuals #welivetoexplore"
https://www.instagram.com/p/B0yeHX3DZLG/,1,< Her Ã§eÅŸit Ã§anta iÃ§in sayfamÄ±zÄ± ziyaret edin sl4w
https://www.instagram.com/p/B0yeHX3DZLG/,2,"DivağŸ‘¼ #GOD is the king of all myths and ideas thus so many stories that arent true and 'might be' true surrounds the name... Maybe not the ""Person"". #Mytheology #GOD #Truth #Vibes #FalseVibeCausesAngerğŸ‘¼ ğŸ’#ï¸âƒ£3ï¸âƒ£ğŸ¤³"
https://www.instagram.com/p/B0yeHX3DZLG/,3,What an awesome shot ğŸ˜â¤ï¸ you're so talented
https://www.instagram.com/p/B0yeHX3DZLG/,4,this shot is perfect ğŸ˜
https://www.instagram.com/p/B0yeHX3DZLG/,5,Wow! Amazing to get that shot!â¤ï¸â¤ï¸
https://www.instagram.com/p/B0yeHX3DZLG/,6,THIS IS EPIC ğŸ™ŒğŸ¼ğŸ˜
https://www.instagram.com/p/B0yeHX3DZLG/,7,Handsome fellağŸ˜˜ğŸ’œ
https://www.instagram.com/p/B0yeHX3DZLG/,8,Incredible ğŸ¦Œ
https://www.instagram.com/p/B0yeHX3DZLG/,9,ğŸ˜ğŸ˜
https://www.instagram.com/p/B0yeHX3DZLG/,10,"Hi yaâ€™ll!!! ğŸ‘‹ I hope this gets seen. Iâ€™m an aspiring landscape photographer. If you could like my comment and provide feedback on my work to help me, it would mean the world to meğŸ™Œ. Much â¤ï¸"
https://www.instagram.com/p/B0yeHX3DZLG/,11,Awww I love everything about this ğŸ˜
https://www.instagram.com/p/B0yeHX3DZLG/,12,Fantastic
https://www.instagram.com/p/B0v4loMjI4d/,0,"Latourell Falls, Oregon. Looking back I wish I'd got someone to stand up on the rock here! How was everyone's weekend?#waterfallğŸ’¦ #pnwphotographer #pnwroamers #pnwhiking #oregonnw #northwestisbest #adventurethatislife #outdoortones #wildernessculture #Wildernesstones #wildernessnation #modernwild #wildvisuals #thegreatoutdoors #wanderlust #folkgreen #folkscenery #folknature #earthoutdoors #dreamingtones #waterfallsfordays #chasingwaterfalls #oregonexplored #oregonadventures #roamerground #getoutside #getoutstayout #exploremore #theglobewanderer"
https://www.instagram.com/p/B0v4loMjI4d/,1,Epic image buddy ğŸ‘ğŸ‘ğŸ‘
https://www.instagram.com/p/B0v4loMjI4d/,2,Wow impressiveğŸ˜
https://www.instagram.com/p/B0v4loMjI4d/,3,@zaa.hiraa zahira
https://www.instagram.com/p/B0v4loMjI4d/,4,That's a huge waterfall! Amazing man!
https://www.instagram.com/p/B0v4loMjI4d/,5,Fantastic shot!
https://www.instagram.com/p/B0v4loMjI4d/,6,ğŸ˜Spectacular shot
https://www.instagram.com/p/B0v4loMjI4d/,7,Amazing shot! Verry beautiful. Even without someone standing on the rock ;)
https://www.instagram.com/p/B0v4loMjI4d/,8,Stunning capture
https://www.instagram.com/p/B0v4loMjI4d/,9,This is amazing ğŸ˜±
https://www.instagram.com/p/B0v4loMjI4d/,10,Fantastically wonderful ğŸ’™ğŸ’™
https://www.instagram.com/p/B0v4loMjI4d/,11,Beautiful
https://www.instagram.com/p/B0v4loMjI4d/,12,Majestic ğŸŒŠ
https://www.instagram.com/p/B0tWIu_D-7M/,0,"Dunalistair Castle.  Would of loved to have walked around this place in its prime! Sadly very derelict now! It was named when the Lord had just done the dirty with his mate Alistair, true story!#scotland #VisitScotland #lovescotland #scotlandtrip #thescottishcollective #travelscotland #highlands #traveling_uk #uk_greatshots #scotlandisnow #renegade_dark #castlesofscotland #castles #moodygrams #sombrescapes #ecletic_shotz #scotland_greatshots #thisisscotland #unlimitedscotland #explorescotland #beautifulscotland #scotlandshots #earth_deluxe #abandonedcastle #bando_hunters #folkscenery"
https://www.instagram.com/p/B0tWIu_D-7M/,1,Featured! ğŸ°ğŸ’™ Stunning shot
https://www.instagram.com/p/B0tWIu_D-7M/,2,What a brilliant ruin - as you say would have been amazing to wander round this place in its heyday ğŸ‘
https://www.instagram.com/p/B0tWIu_D-7M/,3,ğŸ™Œ
https://www.instagram.com/p/B0tWIu_D-7M/,4,ğŸ˜ğŸ˜
https://www.instagram.com/p/B0tWIu_D-7M/,5,hey! @softiiethreads is having a huge back to school giveaway! go enter!
https://www.instagram.com/p/B0tWIu_D-7M/,6,Incredible aerial view! Such a cool looking castle!
https://www.instagram.com/p/B0tWIu_D-7M/,7,Get a dog or puppy today
https://www.instagram.com/p/B0tWIu_D-7M/,8,Wat?
https://www.instagram.com/p/B0tWIu_D-7M/,9,Very beautiful.
https://www.instagram.com/p/B0tWIu_D-7M/,10,ğŸ’« #jj_urbex ğŸ’«
https://www.instagram.com/p/B0tWIu_D-7M/,11,Fabulous shot! ğŸ” And you are so funny ğŸ˜‚
https://www.instagram.com/p/B0tWIu_D-7M/,12,ğŸ‘ğŸ‘ğŸ‘ğŸ‘ğŸ˜
https://www.instagram.com/p/B0oLBUgjLYC/,0,"The Rowena Roady. A great spot to spend a morning with a coffee! Also, this road is bendy as fuck guys!#oregonian #rowena #pnwhiking #roamtheplanet #theglobewanderer #liveforthestory #voyaged #ecletic_shotz #dscvr_earth #neuehorizonte #moodygrams #folkscenery #globeshotz #illgrammers #folkgreen #discoverearth #exploretocreate #stayandwander #pnwdiscovered #hubs_united ##wildernessculture #special_shots #wildernessnation #Wildernesstones #dreamingtones #outdoortones #northwestisbest #adventurethatislife"
https://www.instagram.com/p/B0oLBUgjLYC/,1,What a view! ğŸ‘ğŸ‘
https://www.instagram.com/p/B0oLBUgjLYC/,2,The picture that you took with your camera is the imagination you want to create with reality.â€ â€” Scott Lorenzo
https://www.instagram.com/p/B0oLBUgjLYC/,3,Amazing!
https://www.instagram.com/p/B0oLBUgjLYC/,4,Such an awesome shot man ğŸ”¥
https://www.instagram.com/p/B0oLBUgjLYC/,5,ğŸ–¤
https://www.instagram.com/p/B0oLBUgjLYC/,6,Worth it llovÃ­a
https://www.instagram.com/p/B0oLBUgjLYC/,7,What an awesome view!
https://www.instagram.com/p/B0oLBUgjLYC/,8,Amazing ğŸ˜ğŸ˜ğŸ˜
https://www.instagram.com/p/B0oLBUgjLYC/,9,Really beautiful shots ğŸ˜ğŸ¤©
https://www.instagram.com/p/B0oLBUgjLYC/,10,â¤ï¸
https://www.instagram.com/p/B0oLBUgjLYC/,11,â¤ï¸
https://www.instagram.com/p/B0oLBUgjLYC/,12,Very Cool! ğŸ‘
https://www.instagram.com/p/B0jCvybD5jG/,0,"Haystack Rock, Oregon. I wonder why these big land masses refuse to recede with the mainland? I also wonder why i backflips far more impressive than front flips? Conundrum!#pnwwonderland #outside_project #discoverearth #exploretocreate #stayandwander #illgrammers #folkscenery #discoverer #landscapelovers #voyaged #artofvisuals #moodygrams #folkgreen #folkgood #neuehorizonte #theactiveway #liveforthestory #fromwhereidrone #roam #roamtheplanet #rsa_outdoors #visualsofearth #discovernature #oregon #dji #liveadventurously #weroamabroad #Wildernesstones #wonderful_places"
https://www.instagram.com/p/B0jCvybD5jG/,1,Love the minimalism manğŸ˜ super scale
https://www.instagram.com/p/B0jCvybD5jG/,2,Great shot mate
https://www.instagram.com/p/B0jCvybD5jG/,3,Simply stunning Harry ğŸ’›ğŸ’›
https://www.instagram.com/p/B0jCvybD5jG/,4,What an awesome looking place. #scalegoals
https://www.instagram.com/p/B0jCvybD5jG/,5,"Such a calm surreal shot man, really nice stuff! ğŸ‘Œ"
https://www.instagram.com/p/B0jCvybD5jG/,6,Beautiful if only the light was like that forever. ğŸ˜
https://www.instagram.com/p/B0jCvybD5jG/,7,Wow love the drone take on this! awesome shot man
https://www.instagram.com/p/B0jCvybD5jG/,8,Beautiful beach that is man! I guess backflips are harder?
https://www.instagram.com/p/B0jCvybD5jG/,9,Wow that just amazing.â¤ï¸
https://www.instagram.com/p/B0jCvybD5jG/,10,ğŸ™ŒğŸ˜â¤ï¸ğŸX
https://www.instagram.com/p/B0jCvybD5jG/,11,Beautiful shot!
https://www.instagram.com/p/B0jCvybD5jG/,12,beautiful beach ğŸ™ğŸ˜
https://www.instagram.com/p/B0bQT6YDLyf/,0,"The Cabin in the Woods. Another place in Oregon state that I just happened across, no clue where it be! It was near some trees if that helps!"
https://www.instagram.com/p/B0bQT6YDLyf/,1,Days gone
https://www.instagram.com/p/B0bQT6YDLyf/,2,That orange lighting is so cosy man! ğŸ”¥
https://www.instagram.com/p/B0bQT6YDLyf/,3,Amazing shot and feed!
https://www.instagram.com/p/B0bQT6YDLyf/,4,Awesome House!
https://www.instagram.com/p/B0bQT6YDLyf/,5,Great framing Harry ğŸ˜ƒğŸ‘ğŸ»
https://www.instagram.com/p/B0bQT6YDLyf/,6,If a picture could tell a story ğŸ˜ epic cabin!
https://www.instagram.com/p/B0bQT6YDLyf/,7,What a find man! Looks a dream ğŸ˜
https://www.instagram.com/p/B0bQT6YDLyf/,8,Sick framing man!
https://www.instagram.com/p/B0bQT6YDLyf/,9,"Loving the framing and that light, man ğŸ™ğŸ»"
https://www.instagram.com/p/B0bQT6YDLyf/,10,This is great dude!
https://www.instagram.com/p/B0bQT6YDLyf/,11,Proper cosy cabin!
https://www.instagram.com/p/B0bQT6YDLyf/,12,Such an amazing picture ! Stunning colors ğŸ˜ğŸ˜ğŸ˜
https://www.instagram.com/p/B0Ym4pGjb8b/,0,"Glencooooooeeeee. So this image isn't the colour I want, ğŸ¤¦â€â™‚ï¸ I've just switched to using a Mac as my main editing machine but the colours look so different from phone to Mac! Are you seeing yellow or orange more?"
https://www.instagram.com/p/B0Ym4pGjb8b/,1,"You have to change the colour profile in photoshop mate, and make sure your Mac is actually set the right one for the screen to start off with haha, but either way looks good to me!"
https://www.instagram.com/p/B0Ym4pGjb8b/,2,Amazing shot ğŸ˜
https://www.instagram.com/p/B0Ym4pGjb8b/,3,That sweeping road is magic mate.ğŸ‘Œ
https://www.instagram.com/p/B0Ym4pGjb8b/,4,I see blue and orange and I like it a whole lot ğŸ˜­â™¥ï¸
https://www.instagram.com/p/B0Ym4pGjb8b/,5,Check to make sure your editing it on sRGB!!
https://www.instagram.com/p/B0Ym4pGjb8b/,6,Beautiful moody shot! â¤ï¸
https://www.instagram.com/p/B0Ym4pGjb8b/,7,Love itğŸ’™ğŸ´ó §ó ¢ó ³ó £ó ´ó ¿ğŸ‡³ğŸ‡´
https://www.instagram.com/p/B0Ym4pGjb8b/,8,It can only be the A82ğŸ˜€ cracker mateğŸ‘ğŸ‘
https://www.instagram.com/p/B0Ym4pGjb8b/,9,Nice shot! Love this stretch of road!
https://www.instagram.com/p/B0Ym4pGjb8b/,10,Orange. And it looks fine. Youâ€™ll get used to the change soon ğŸ˜Š
https://www.instagram.com/p/B0Ym4pGjb8b/,11,Orange. And it looks fine. Youâ€™ll get used to the change soon ğŸ˜Š
https://www.instagram.com/p/B0Ym4pGjb8b/,12,Stunning
https://www.instagram.com/p/B0Q_GqUDOI1/,0,"Oregon somewhere, I can't for the life of my remember where! ğŸ¤¦â€â™‚ï¸ Need to remember to write things down!"
https://www.instagram.com/p/B0Q_GqUDOI1/,1,Great shot. Isnâ€™t this Lake Trillium with Mt. hood on the backdrop?
https://www.instagram.com/p/B0Q_GqUDOI1/,2,What a beaut!ğŸ˜ğŸ˜
https://www.instagram.com/p/B0Q_GqUDOI1/,3,ğŸ†’ğŸ’ŸğŸ’ŸğŸ’ŸğŸ’Ÿ
https://www.instagram.com/p/B0Q_GqUDOI1/,4,Wow greaaat
https://www.instagram.com/p/B0Q_GqUDOI1/,5,Love this frame ğŸ”¥ğŸ™ŒğŸ»
https://www.instagram.com/p/B0Q_GqUDOI1/,6,Nice photo!
https://www.instagram.com/p/B0Q_GqUDOI1/,7,ğŸ’›
https://www.instagram.com/p/B0Q_GqUDOI1/,8,So beautiful! Love the golden trees! Great shot
https://www.instagram.com/p/B0Q_GqUDOI1/,9,What a beaut ğŸ˜
https://www.instagram.com/p/B0Q_GqUDOI1/,10,Very beautiful.
https://www.instagram.com/p/B0Q_GqUDOI1/,11,@sanika_.pvt._
https://www.instagram.com/p/B0Q_GqUDOI1/,12,@michelbeltrans
